{
  "config": {
    "prompt": "Why is the sky blue?",
    "max_new_tokens": 32,
    "block_size": 8,
    "num_diffusion_steps": 4,
    "sink_size": 4,
    "window_size": 64,
    "report": null,
    "skip_cpu_cpu": false
  },
  "env": {
    "mlx_version": "0.31.2",
    "mlx_lm_version": "0.31.3",
    "platform": "macOS-26.3.1-arm64-arm-64bit-Mach-O",
    "machine": "arm64",
    "python": "3.13.12"
  },
  "prompt_token_count": 30,
  "results": {
    "cpu_v__cpu_p": {
      "wall_time_s": 23.601282582618296,
      "n_tokens": 32,
      "output_token_ids": [
        785,
        12884,
        7952,
        6303,
        1576,
        315,
        1246,
        39020,
        83161,
        448,
        279,
        9237,
        594,
        16566,
        13,
        5692,
        594,
        264,
        43799,
        16148,
        1447,
        16,
        13,
        3070,
        30092,
        4145,
        67106,
        95518,
        8059,
        4145,
        374,
        1865
      ],
      "acceptance_rate": 0.1875,
      "proposer_forward_calls": 52,
      "verifier_forward_calls": 29,
      "verifier_peak_kv_bytes": 7110656,
      "verifier_peak_activation_bytes": 9116160,
      "proposer_peak_activation_bytes": 2430976
    },
    "mlx_v__cpu_p": {
      "wall_time_s": 21.38784808292985,
      "n_tokens": 32,
      "output_token_ids": [
        785,
        12884,
        7952,
        6303,
        1576,
        315,
        1246,
        39020,
        83161,
        448,
        279,
        9237,
        594,
        16566,
        13,
        5692,
        594,
        264,
        43799,
        16148,
        1447,
        16,
        13,
        3070,
        30092,
        4145,
        67106,
        95518,
        8059,
        4145,
        374,
        1865
      ],
      "acceptance_rate": 0.1875,
      "proposer_forward_calls": 52,
      "verifier_forward_calls": 29,
      "verifier_peak_kv_bytes": 7110656,
      "verifier_peak_activation_bytes": 9116160,
      "proposer_peak_activation_bytes": 2430976
    },
    "mlx_v__mlx_p": {
      "wall_time_s": 3.2646714160218835,
      "n_tokens": 32,
      "output_token_ids": [
        785,
        12884,
        7952,
        6303,
        1576,
        315,
        1246,
        39020,
        83161,
        448,
        279,
        9237,
        594,
        16566,
        13,
        5692,
        594,
        264,
        43799,
        16148,
        1447,
        16,
        13,
        3070,
        30092,
        4145,
        67106,
        95518,
        8059,
        4145,
        374,
        1865
      ],
      "acceptance_rate": 0.1875,
      "proposer_forward_calls": 52,
      "verifier_forward_calls": 29,
      "verifier_peak_kv_bytes": 7110656,
      "verifier_peak_activation_bytes": 9116160,
      "proposer_peak_activation_bytes": 2430976
    }
  },
  "summary": {
    "speedup_B_over_A": 1.1034902852828397,
    "speedup_C_over_A": 7.229298013512578,
    "speedup_C_over_B": 6.551301909884607
  }
}