{
  "config": {
    "prompt": "\u662f\u89e3\u91ca\u5982\u4f55\u8282\u7701kv cache\uff0c\u800c\u4e0d\u662f\u89e3\u91cakv cache\u7684\u4f5c\u7528",
    "max_new_tokens": 48,
    "sink_size": 4,
    "window_size": 64,
    "report": null
  },
  "env": {
    "mlx_version": "0.31.2",
    "mlx_lm_version": "0.31.3",
    "platform": "macOS-26.3.1-arm64-arm-64bit-Mach-O",
    "machine": "arm64",
    "python": "3.13.12"
  },
  "prompt_token_count": 36,
  "cpu": {
    "prefill_time_s": 0.9449585420079529,
    "generation_time_s": 2.848975333850831,
    "wall_time_s": 3.7939338758587837,
    "output_token_ids": [
      99692,
      3837,
      100431,
      35946,
      44063,
      100700,
      104136,
      100007,
      334,
      106831,
      84648,
      19479,
      334,
      3837,
      104610,
      104136,
      84648,
      19479,
      43589,
      100154,
      3407,
      44364,
      565,
      220,
      14777,
      5373,
      106582,
      84648,
      19479,
      26850,
      82707,
      19479,
      54851,
      3070,
      1592,
      12,
      1130,
      19479,
      334,
      43589,
      99872,
      61443,
      3837,
      20412,
      26288,
      102064,
      104949,
      9909
    ],
    "n_tokens": 48,
    "peak_kv_bytes": 7798784,
    "peak_activation_bytes": 10939392,
    "weight_bytes": 3441149952,
    "forward_calls": 49
  },
  "mlx": {
    "prefill_time_s": 0.10182900028303266,
    "generation_time_s": 2.138741667382419,
    "wall_time_s": 2.2405706676654518,
    "output_token_ids": [
      99692,
      3837,
      100431,
      35946,
      44063,
      100700,
      104136,
      100007,
      334,
      106831,
      84648,
      19479,
      334,
      3837,
      104610,
      104136,
      84648,
      19479,
      43589,
      100154,
      3407,
      44364,
      565,
      220,
      14777,
      5373,
      106582,
      84648,
      19479,
      26850,
      82707,
      19479,
      54851,
      3070,
      271,
      32313,
      11,
      3554,
      3554,
      3554,
      3554,
      3554,
      3554,
      3554,
      3554,
      3554,
      3554,
      3554
    ],
    "n_tokens": 48,
    "peak_kv_bytes": 29360128,
    "peak_activation_bytes": 10939392,
    "weight_bytes": 3441149952,
    "forward_calls": 49
  },
  "comparison": {
    "outputs_identical": false,
    "common_prefix_length": 34,
    "wall_time_speedup": 1.6932890939841896,
    "generation_speedup": 1.3320801559627622
  }
}