{
  "config": {
    "prompt": "\u662f\u89e3\u91ca\u5982\u4f55\u8282\u7701kv cache\uff0c\u800c\u4e0d\u662f\u89e3\u91cakv cache\u7684\u4f5c\u7528",
    "max_new_tokens": 48,
    "sink_size": 4,
    "window_size": 64,
    "block_sizes": "2,4,8,16",
    "num_diffusion_steps": "2,4,8",
    "report": null
  },
  "env": {
    "mlx_version": "0.31.2",
    "mlx_lm_version": "0.31.3"
  },
  "prompt_token_count": 36,
  "results": [
    {
      "block_size": 2,
      "num_diffusion_steps": 2,
      "wall_time_s": 5.819817000068724,
      "tokens_per_sec": 8.247682014646369,
      "acceptance_rate": 0.23076923076923078,
      "proposer_forward_calls": 65,
      "verifier_forward_calls": 67,
      "n_tokens": 48,
      "output_token_ids": [
        99692,
        3837,
        100431,
        35946,
        44063,
        100700,
        104136,
        100007,
        334,
        106831,
        84648,
        19479,
        334,
        3837,
        104610,
        104136,
        84648,
        19479,
        43589,
        100154,
        3407,
        44364,
        565,
        220,
        14777,
        5373,
        106582,
        84648,
        19479,
        26850,
        82707,
        19479,
        54851,
        3070,
        1592,
        12,
        1130,
        19479,
        334,
        43589,
        99872,
        61443,
        3837,
        20412,
        26288,
        102064,
        104949,
        9909
      ]
    },
    {
      "block_size": 4,
      "num_diffusion_steps": 2,
      "wall_time_s": 6.854953040834516,
      "tokens_per_sec": 7.002236151592443,
      "acceptance_rate": 0.09701492537313433,
      "proposer_forward_calls": 69,
      "verifier_forward_calls": 71,
      "n_tokens": 48,
      "output_token_ids": [
        99692,
        3837,
        100431,
        35946,
        44063,
        100700,
        104136,
        100007,
        334,
        106831,
        84648,
        19479,
        334,
        3837,
        104610,
        104136,
        84648,
        19479,
        43589,
        100154,
        3407,
        44364,
        565,
        220,
        14777,
        5373,
        106582,
        84648,
        19479,
        26850,
        82707,
        19479,
        54851,
        3070,
        1592,
        12,
        1130,
        19479,
        334,
        43589,
        99872,
        61443,
        3837,
        20412,
        26288,
        102064,
        104949,
        9909
      ]
    },
    {
      "block_size": 4,
      "num_diffusion_steps": 4,
      "wall_time_s": 8.909880708437413,
      "tokens_per_sec": 5.3872775147870735,
      "acceptance_rate": 0.09701492537313433,
      "proposer_forward_calls": 134,
      "verifier_forward_calls": 71,
      "n_tokens": 48,
      "output_token_ids": [
        99692,
        3837,
        100431,
        35946,
        44063,
        100700,
        104136,
        100007,
        334,
        106831,
        84648,
        19479,
        334,
        3837,
        104610,
        104136,
        84648,
        19479,
        43589,
        100154,
        3407,
        44364,
        565,
        220,
        14777,
        5373,
        106582,
        84648,
        19479,
        26850,
        82707,
        19479,
        54851,
        3070,
        1592,
        12,
        1130,
        19479,
        334,
        43589,
        99872,
        61443,
        3837,
        20412,
        26288,
        102064,
        104949,
        9909
      ]
    },
    {
      "block_size": 8,
      "num_diffusion_steps": 2,
      "wall_time_s": 5.824491833802313,
      "tokens_per_sec": 8.241062288289775,
      "acceptance_rate": 0.07657657657657657,
      "proposer_forward_calls": 61,
      "verifier_forward_calls": 63,
      "n_tokens": 48,
      "output_token_ids": [
        99692,
        3837,
        100431,
        35946,
        44063,
        100700,
        104136,
        100007,
        334,
        106831,
        84648,
        19479,
        334,
        3837,
        104610,
        104136,
        84648,
        19479,
        43589,
        100154,
        3407,
        44364,
        565,
        220,
        14777,
        5373,
        106582,
        84648,
        19479,
        26850,
        82707,
        19479,
        54851,
        3070,
        1592,
        12,
        1130,
        19479,
        334,
        43589,
        99872,
        61443,
        3837,
        20412,
        26288,
        102064,
        104949,
        9909
      ]
    },
    {
      "block_size": 8,
      "num_diffusion_steps": 4,
      "wall_time_s": 7.547038415912539,
      "tokens_per_sec": 6.360110728838281,
      "acceptance_rate": 0.08411214953271028,
      "proposer_forward_calls": 114,
      "verifier_forward_calls": 61,
      "n_tokens": 48,
      "output_token_ids": [
        99692,
        3837,
        100431,
        35946,
        44063,
        100700,
        104136,
        100007,
        334,
        106831,
        84648,
        19479,
        334,
        3837,
        104610,
        104136,
        84648,
        19479,
        43589,
        100154,
        3407,
        44364,
        565,
        220,
        14777,
        5373,
        106582,
        84648,
        19479,
        26850,
        82707,
        19479,
        54851,
        3070,
        1592,
        12,
        1130,
        19479,
        334,
        43589,
        99872,
        61443,
        3837,
        20412,
        26288,
        102064,
        104949,
        9909
      ]
    },
    {
      "block_size": 8,
      "num_diffusion_steps": 8,
      "wall_time_s": 11.50272479094565,
      "tokens_per_sec": 4.172924317704543,
      "acceptance_rate": 0.07657657657657657,
      "proposer_forward_calls": 222,
      "verifier_forward_calls": 63,
      "n_tokens": 48,
      "output_token_ids": [
        99692,
        3837,
        100431,
        35946,
        44063,
        100700,
        104136,
        100007,
        334,
        106831,
        84648,
        19479,
        334,
        3837,
        104610,
        104136,
        84648,
        19479,
        43589,
        100154,
        3407,
        44364,
        565,
        220,
        14777,
        5373,
        106582,
        84648,
        19479,
        26850,
        82707,
        19479,
        54851,
        3070,
        1592,
        12,
        1130,
        19479,
        334,
        43589,
        99872,
        61443,
        3837,
        20412,
        26288,
        102064,
        104949,
        9909
      ]
    },
    {
      "block_size": 16,
      "num_diffusion_steps": 2,
      "wall_time_s": 5.21457445807755,
      "tokens_per_sec": 9.204969722054,
      "acceptance_rate": 0.054945054945054944,
      "proposer_forward_calls": 55,
      "verifier_forward_calls": 57,
      "n_tokens": 48,
      "output_token_ids": [
        99692,
        3837,
        100431,
        35946,
        44063,
        100700,
        104136,
        100007,
        334,
        106831,
        84648,
        19479,
        334,
        3837,
        104610,
        104136,
        84648,
        19479,
        43589,
        100154,
        3407,
        44364,
        565,
        220,
        14777,
        5373,
        106582,
        84648,
        19479,
        26850,
        82707,
        19479,
        54851,
        3070,
        1592,
        12,
        1130,
        19479,
        334,
        43589,
        99872,
        61443,
        3837,
        20412,
        26288,
        102064,
        104949,
        9909
      ]
    },
    {
      "block_size": 16,
      "num_diffusion_steps": 4,
      "wall_time_s": 6.843114875257015,
      "tokens_per_sec": 7.014349587138446,
      "acceptance_rate": 0.06051873198847262,
      "proposer_forward_calls": 102,
      "verifier_forward_calls": 55,
      "n_tokens": 48,