{
  "config": {
    "prompt": "\u662f\u89e3\u91ca\u5982\u4f55\u8282\u7701kv cache\uff0c\u800c\u4e0d\u662f\u89e3\u91cakv cache\u7684\u4f5c\u7528",
    "max_new_tokens": 48,
    "block_size": 16,
    "num_diffusion_steps": 10,
    "sink_size": 4,
    "window_size": 64,
    "device": "cpu",
    "dtype": "bfloat16",
    "report": "results/platform-tests/bench_mac_kvcache_1779443119.json"
  },
  "prompt_token_count": 36,
  "dense": {
    "wall_time_s": 159.62511279201135,
    "n_tokens": 48,
    "acceptance_rate": 0.06547619047619048,
    "proposer_forward_calls": 222,
    "proposer_peak_activation_bytes": 25525248,
    "verifier_forward_calls": 53,
    "verifier_peak_kv_bytes": 7798784,
    "output_token_ids": [
      99692,
      3837,
      100431,
      35946,
      44063,
      100700,
      104136,
      100007,
      334,
      106831,
      84648,
      19479,
      334,
      3837,
      104610,
      104136,
      84648,
      19479,
      43589,
      100154,
      3407,
      44364,
      565,
      220,
      14777,
      5373,
      106582,
      84648,
      19479,
      26850,
      82707,
      19479,
      54851,
      3070,
      1592,
      12,
      1130,
      19479,
      334,
      43589,
      99872,
      61443,
      3837,
      20412,
      26288,
      102064,
      104949,
      9909
    ]
  },
  "sparse": {
    "wall_time_s": 127.63287845859304,
    "n_tokens": 48,
    "acceptance_rate": 0.06547619047619048,
    "proposer_forward_calls": 222,
    "proposer_peak_activation_bytes": 4861952,
    "verifier_forward_calls": 53,
    "verifier_peak_kv_bytes": 7798784,
    "output_token_ids": [
      99692,
      3837,
      100431,
      35946,
      44063,
      100700,
      104136,
      100007,
      334,
      106831,
      84648,
      19479,
      334,
      3837,
      104610,
      104136,
      84648,
      19479,
      43589,
      100154,
      3407,
      44364,
      565,
      220,
      14777,
      5373,
      106582,
      84648,
      19479,
      26850,
      82707,
      19479,
      54851,
      3070,
      1592,
      12,
      1130,
      19479,
      334,
      43589,
      99872,
      61443,
      3837,
      20412,
      26288,
      102064,
      104949,
      9909
    ]
  },
  "comparison": {
    "outputs_identical": true,
    "wall_time_speedup": 1.2506582529500603,
    "activation_peak_ratio_sparse_over_dense": 0.19047619047619047
  }
}