{
  "config": {
    "prompt": "Why is the sky blue?",
    "max_new_tokens": 32,
    "block_size": 8,
    "num_diffusion_steps": 4,
    "sink_size": 4,
    "window_size": 64,
    "device": "cpu",
    "dtype": "bfloat16",
    "report": "results/platform-tests/bench_mac_m4_1779442985.json"
  },
  "prompt_token_count": 30,
  "dense": {
    "wall_time_s": 28.987603541929275,
    "n_tokens": 32,
    "acceptance_rate": 0.1875,
    "proposer_forward_calls": 52,
    "proposer_peak_activation_bytes": 18840064,
    "verifier_forward_calls": 29,
    "verifier_peak_kv_bytes": 7110656,
    "output_token_ids": [
      785,
      12884,
      7952,
      6303,
      1576,
      315,
      1246,
      39020,
      83161,
      448,
      279,
      9237,
      594,
      16566,
      13,
      5692,
      594,
      264,
      43799,
      16148,
      1447,
      16,
      13,
      3070,
      30092,
      4145,
      67106,
      95518,
      8059,
      4145,
      374,
      1865
    ]
  },
  "sparse": {
    "wall_time_s": 23.573483541142195,
    "n_tokens": 32,
    "acceptance_rate": 0.1875,
    "proposer_forward_calls": 52,
    "proposer_peak_activation_bytes": 2430976,
    "verifier_forward_calls": 29,
    "verifier_peak_kv_bytes": 7110656,
    "output_token_ids": [
      785,
      12884,
      7952,
      6303,
      1576,
      315,
      1246,
      39020,
      83161,
      448,
      279,
      9237,
      594,
      16566,
      13,
      5692,
      594,
      264,
      43799,
      16148,
      1447,
      16,
      13,
      3070,
      30092,
      4145,
      67106,
      95518,
      8059,
      4145,
      374,
      1865
    ]
  },
  "comparison": {
    "outputs_identical": true,
    "wall_time_speedup": 1.2296699166815102,
    "activation_peak_ratio_sparse_over_dense": 0.12903225806451613
  }
}