{
  "config": {
    "prompt": "\u662f\u89e3\u91ca\u5982\u4f55\u8282\u7701kv cache\uff0c\u800c\u4e0d\u662f\u89e3\u91cakv cache\u7684\u4f5c\u7528",
    "max_new_tokens": 48,
    "block_size": 16,
    "num_diffusion_steps": 10,
    "sink_size": 4,
    "window_size": 64,
    "report": null,
    "skip_cpu_cpu": false
  },
  "env": {
    "mlx_version": "0.31.2",
    "mlx_lm_version": "0.31.3",
    "platform": "macOS-26.3.1-arm64-arm-64bit-Mach-O",
    "machine": "arm64",
    "python": "3.13.12"
  },
  "prompt_token_count": 36,
  "results": {
    "cpu_v__cpu_p": {
      "wall_time_s": 127.30580175016075,
      "n_tokens": 48,
      "output_token_ids": [
        99692,
        3837,
        100431,
        35946,
        44063,
        100700,
        104136,
        100007,
        334,
        106831,
        84648,
        19479,
        334,
        3837,
        104610,
        104136,
        84648,
        19479,
        43589,
        100154,
        3407,
        44364,
        565,
        220,
        14777,
        5373,
        106582,
        84648,
        19479,
        26850,
        82707,
        19479,
        54851,
        3070,
        1592,
        12,
        1130,
        19479,
        334,
        43589,
        99872,
        61443,
        3837,
        20412,
        26288,
        102064,
        104949,
        9909
      ],
      "acceptance_rate": 0.06547619047619048,
      "proposer_forward_calls": 222,
      "verifier_forward_calls": 53,
      "verifier_peak_kv_bytes": 7798784,
      "verifier_peak_activation_bytes": 10939392,
      "proposer_peak_activation_bytes": 4861952
    },
    "mlx_v__cpu_p": {
      "wall_time_s": 120.71989387506619,
      "n_tokens": 48,
      "output_token_ids": [
        99692,
        3837,
        100431,
        35946,
        44063,
        100700,
        104136,
        100007,
        334,
        106831,
        84648,
        19479,
        334,
        3837,
        104610,
        104136,
        84648,
        19479,
        43589,
        100154,
        3407,
        44364,
        565,
        220,
        14777,
        5373,
        106582,
        84648,
        19479,
        26850,
        82707,
        19479,
        54851,
        3070,
        1592,
        12,
        1130,
        19479,
        334,
        43589,
        99872,
        61443,
        3837,
        20412,
        26288,
        102064,
        104949,
        9909
      ],
      "acceptance_rate": 0.06547619047619048,
      "proposer_forward_calls": 222,
      "verifier_forward_calls": 53,
      "verifier_peak_kv_bytes": 7798784,
      "verifier_peak_activation_bytes": 10939392,
      "proposer_peak_activation_bytes": 4861952
    },
    "mlx_v__mlx_p": {
      "wall_time_s": 12.070165541954339,
      "n_tokens": 48,
      "output_token_ids": [
        99692,
        3837,
        100431,
        35946,
        44063,
        100700,
        104136,
        100007,
        334,
        106831,
        84648,
        19479,
        334,
        3837,
        104610,
        104136,
        84648,
        19479,
        43589,
        100154,
        3407,
        44364,
        565,
        220,
        14777,
        5373,
        106582,
        84648,
        19479,
        26850,
        82707,
        19479,
        54851,
        3070,
        1592,
        12,
        1130,
        19479,
        334,
        43589,
        99872,
        61443,
        3837,
        20412,
        26288,
        102064,
        104949,
        9909
      ],
      "acceptance_rate": 0.06547619047619048,
      "proposer_forward_calls": 222,
      "verifier_forward_calls": 53,
      "verifier_peak_kv_bytes": 7798784,
      "verifier_peak_activation_bytes": 10939392,
      "proposer_peak_activation_bytes": 4861952
    }
  },
  "summary": {
    "speedup_B_over_A": 1.0545552821800055,
    "speedup_C_over_A": 10.547146292870815,
    "speedup_C_over_B": 10.001511036071495
  }
}