{
  "kind": "k3_f_theta_train",
  "config": {
    "verifier_id": "google/gemma-4-26B-A4B-it",
    "drafter_id": "models/dflash-kakeya-baseline",
    "steps": 4000,
    "lr": 0.001,
    "weight_decay": 0.01,
    "rank": 256,
    "n_prompts": 64,
    "gen_len": 128,
    "sample_positions": 256,
    "save": "results/research/f_theta_v3",
    "seed": 0,
    "log_every": 50,
    "eval_every": 500,
    "loss_mode": "relmse"
  },
  "loss_mode": "relmse",
  "f_theta_config": {
    "drafter_num_layers": 5,
    "drafter_num_kv_heads": 8,
    "drafter_head_dim": 128,
    "verifier_num_layers": 30,
    "verifier_num_kv_heads": 8,
    "verifier_head_dim": 256,
    "rank": 256,
    "verifier_layer_kv_heads": [
      8,
      8,
      8,
      8,
      8,
      2,
      8,
      8,
      8,
      8,
      8,
      2,
      8,
      8,
      8,
      8,
      8,
      2,
      8,
      8,
      8,
      8,
      8,
      2,
      8,
      8,
      8,
      8,
      8,
      2
    ],
    "verifier_layer_head_dims": [
      256,
      256,
      256,
      256,
      256,
      512,
      256,
      256,
      256,
      256,
      256,
      512,
      256,
      256,
      256,
      256,
      256,
      512,
      256,
      256,
      256,
      256,
      256,
      512,
      256,
      256,
      256,
      256,
      256,
      512
    ]
  },
  "n_params": 31457280,
  "n_sequences": 62,
  "collect_seconds": 486.673097796971,
  "train_seconds": 72.51780822,
  "initial_loss": 4.511219024658203,
  "final_loss": 0.358806868493557,
  "loss_reduction_factor": 12.572833523500988,
  "diagnostics": {
    "per_layer": [
      {
        "layer": 0,
        "kv_heads": 8,
        "head_dim": 256,
        "k_mseO": 97.40231087720649,
        "k_tgt_sq_mean": 1481.2673568349753,
        "k_tgt_abs_mean": 20.201695434369867,
        "k_rel_mse": 0.06575606383756981,
        "v_mseO": 39.998293420951356,
        "v_tgt_sq_mean": 364.05327316810343,
        "v_tgt_abs_mean": 10.327865826085283,
        "v_rel_mse": 0.10986934157129044
      },
      {
        "layer": 1,
        "kv_heads": 8,
        "head_dim": 256,
        "k_mseO": 10.921176753803623,
        "k_tgt_sq_mean": 85.68397138623769,
        "k_tgt_abs_mean": 5.588780345196403,
        "k_rel_mse": 0.12745880677378552,
        "v_mseO": 7.272967559363455,
        "v_tgt_sq_mean": 33.23202740147783,
        "v_tgt_abs_mean": 2.8578570887373,
        "v_rel_mse": 0.21885416346435377
      },
      {
        "layer": 2,
        "kv_heads": 8,
        "head_dim": 256,
        "k_mseO": 2.811384229237223,
        "k_tgt_sq_mean": 17.120218211206897,
        "k_tgt_abs_mean": 2.5760708011821376,
        "k_rel_mse": 0.16421427536214156,
        "v_mseO": 1.90886619329844,
        "v_tgt_sq_mean": 6.034437157641882,
        "v_tgt_abs_mean": 1.158511470299832,
        "v_rel_mse": 0.3163287876347846
      },
      {
        "layer": 3,
        "kv_heads": 8,
        "head_dim": 256,
        "k_mseO": 1.1404190439308806,
        "k_tgt_sq_mean": 4.951056519556907,
        "k_tgt_abs_mean": 1.3940915262757851,
        "k_rel_mse": 0.2303385221159941,
        "v_mseO": 0.6730277463916096,
        "v_tgt_sq_mean": 2.089719675248871,
        "v_tgt_abs_mean": 0.7218329832080158,
        "v_rel_mse": 0.322066041269768
      },
      {
        "layer": 4,
        "kv_heads": 8,
        "head_dim": 256,
        "k_mseO": 0.6436765135215421,
        "k_tgt_sq_mean": 4.0235479445684526,
        "k_tgt_abs_mean": 1.3103945877751693,
        "k_rel_mse": 0.1599773435757596,
        "v_mseO": 0.23620977855864025,
        "v_tgt_sq_mean": 0.8254409752455838,
        "v_tgt_abs_mean": 0.4713193771287138,
        "v_rel_mse": 0.2861619216646524
      },
      {
        "layer": 5,
        "kv_heads": 2,
        "head_dim": 512,
        "k_mseO": 1.4781940002942515,
        "k_tgt_sq_mean": 2.249288524508672,
        "k_tgt_abs_mean": 0.9239868139007017,
        "k_rel_mse": 0.6571829170049737,
        "v_mseO": 1.0340061657534445,
        "v_tgt_sq_mean": 2.249288524508672,
        "v_tgt_abs_mean": 0.9239868139007017,
        "v_rel_mse": 0.4597036573519501
      },
      {
        "layer": 6,
        "kv_heads": 8,
        "head_dim": 256,
        "k_mseO": 0.6956631890658674,
        "k_tgt_sq_mean": 2.465752963362069,
        "k_tgt_abs_mean": 1.0036667696948123,
        "k_rel_mse": 0.28213012275813115,
        "v_mseO": 0.29296555542593516,
        "v_tgt_sq_mean": 1.0205844822775554,
        "v_tgt_abs_mean": 0.48184157748919204,
        "v_rel_mse": 0.28705664023186145
      },
      {
        "layer": 7,
        "kv_heads": 8,
        "head_dim": 256,
        "k_mseO": 1.2308444820209872,
        "k_tgt_sq_mean": 4.687247290399862,
        "k_tgt_abs_mean": 1.3961782345826599,
        "k_rel_mse": 0.262594312426397,
        "v_mseO": 0.6200050328948423,
        "v_tgt_sq_mean": 1.8558749244326638,
        "v_tgt_abs_mean": 0.7372771577882062,
        "v_rel_mse": 0.3340769474233867
      },
      {
        "layer": 8,
        "kv_heads": 8,
        "head_dim": 256,
        "k_mseO": 1.624751412026792,
        "k_tgt_sq_mean": 4.643635215821916,
        "k_tgt_abs_mean": 1.3933384085719418,
        "k_rel_mse": 0.34988782128966944,
        "v_mseO": 0.8219057969467589,
        "v_tgt_sq_mean": 2.069555899584039,
        "v_tgt_abs_mean": 0.8223705636260936,
        "v_rel_mse": 0.39714114179788174
      },
      {
        "layer": 9,
        "kv_heads": 8,
        "head_dim": 256,
        "k_mseO": 3.0609852457281406,
        "k_tgt_sq_mean": 9.294450431034482,
        "k_tgt_abs_mean": 1.7974543328747177,
        "k_rel_mse": 0.3293347213100476,
        "v_mseO": 3.003642290488057,
        "v_tgt_sq_mean": 8.723766107668823,
        "v_tgt_abs_mean": 0.9836036043214094,
        "v_rel_mse": 0.3443056874719028
      },
      {
        "layer": 10,
        "kv_heads": 8,
        "head_dim": 256,
        "k_mseO": 3.4812659653536793,
        "k_tgt_sq_mean": 9.57065445723009,
        "k_tgt_abs_mean": 1.8319193271580587,
        "k_rel_mse": 0.3637437729335575,
        "v_mseO": 2.881438883263098,
        "v_tgt_sq_mean": 9.751269711649476,
        "v_tgt_abs_mean": 1.0687676666209656,
        "v_rel_mse": 0.2954937116410403
      },
      {
        "layer": 11,
        "kv_heads": 2,
        "head_dim": 512,
        "k_mseO": 3.0214404026275785,
        "k_tgt_sq_mean": 4.580484374599112,
        "k_tgt_abs_mean": 1.3531662764024657,
        "k_rel_mse": 0.6596333813049376,
        "v_mseO": 2.3347878291689117,
        "v_tgt_sq_mean": 4.580484374599112,
        "v_tgt_abs_mean": 1.3531662764024657,
        "v_rel_mse": 0.5097250930532873
      },
      {
        "layer": 12,
        "kv_heads": 8,
        "head_dim": 256,
        "k_mseO": 5.993420129534842,
        "k_tgt_sq_mean": 17.110412898322043,
        "k_tgt_abs_mean": 2.4265289056085795,
        "k_rel_mse": 0.35027910557434905,
        "v_mseO": 4.259273785871434,
        "v_tgt_sq_mean": 11.864132835751487,
        "v_tgt_abs_mean": 1.703827893988448,
        "v_rel_mse": 0.3590042223268486
      },
      {
        "layer": 13,
        "kv_heads": 8,
        "head_dim": 256,
        "k_mseO": 9.121340195729424,
        "k_tgt_sq_mean": 23.114591551531714,
        "k_tgt_abs_mean": 2.783291771298363,
        "k_rel_mse": 0.39461394640905295,
        "v_mseO": 6.100942376799184,
        "v_tgt_sq_mean": 19.314733545964184,
        "v_tgt_abs_mean": 2.0245983205209614,
        "v_rel_mse": 0.3158698699685286
      },
      {
        "layer": 14,
        "kv_heads": 8,
        "head_dim": 256,
        "k_mseO": 11.429482245484401,
        "k_tgt_sq_mean": 27.62623092576201,
        "k_tgt_abs_mean": 3.0093355977476524,
        "k_rel_mse": 0.41371847908101705,
        "v_mseO": 7.070984387828407,
        "v_tgt_sq_mean": 20.129558694773706,
        "v_tgt_abs_mean": 2.182420527015022,
        "v_rel_mse": 0.3512736911689738
      },
      {
        "layer": 15,