{
  "kind": "k3_f_theta_train",
  "config": {
    "verifier_id": "google/gemma-4-26B-A4B-it",
    "drafter_id": "models/dflash-kakeya-baseline",
    "steps": 4000,
    "lr": 0.001,
    "weight_decay": 0.01,
    "rank": 256,
    "n_prompts": 64,
    "gen_len": 128,
    "sample_positions": 256,
    "save": "results/research/f_theta_v1",
    "seed": 0,
    "log_every": 50,
    "eval_every": 500
  },
  "f_theta_config": {
    "drafter_num_layers": 5,
    "drafter_num_kv_heads": 8,
    "drafter_head_dim": 128,
    "verifier_num_layers": 30,
    "verifier_num_kv_heads": 8,
    "verifier_head_dim": 256,
    "rank": 256,
    "verifier_layer_kv_heads": [
      8,
      8,
      8,
      8,
      8,
      2,
      8,
      8,
      8,
      8,
      8,
      2,
      8,
      8,
      8,
      8,
      8,
      2,
      8,
      8,
      8,
      8,
      8,
      2,
      8,
      8,
      8,
      8,
      8,
      2
    ],
    "verifier_layer_head_dims": [
      256,
      256,
      256,
      256,
      256,
      512,
      256,
      256,
      256,
      256,
      256,
      512,
      256,
      256,
      256,
      256,
      256,
      512,
      256,
      256,
      256,
      256,
      256,
      512,
      256,
      256,
      256,
      256,
      256,
      512
    ]
  },
  "n_params": 31457280,
  "n_sequences": 62,
  "collect_seconds": 494.367059551063,
  "train_seconds": 59.45806223200634,
  "initial_loss": 50.82746124267578,
  "final_loss": 3.69950083732605,
  "loss_reduction_factor": 13.739005200337568
}