{
  "kind": "k3_f_theta_train",
  "schema_version": 2,
  "config": {
    "verifier_id": "google/gemma-4-26B-A4B-it",
    "drafter_id": "models/dflash-kakeya-baseline",
    "steps": 20000,
    "lr": 0.001,
    "lr_schedule": "cosine",
    "warmup_steps": 500,
    "weight_decay": 0.01,
    "n_prompts": 64,
    "n_niah_prompts": 128,
    "no_niah_prompts": false,
    "niah_min_lines": 30,
    "niah_max_lines": 140,
    "gen_len": 1024,
    "sample_positions": 0,
    "loss_type": "attn_distill_hybrid",
    "lambda_k_dir": 1.0,
    "lambda_v_dir": 1.0,
    "lambda_k_mag": 0.1,
    "lambda_v_mag": 0.1,
    "init_from": null,
    "rank": 768,
    "save": "results/research/f_theta_v4b_fresh_hybrid",
    "seed": 0,
    "log_every": 50,
    "eval_every": 500
  },
  "f_theta_config": {
    "drafter_num_layers": 5,
    "drafter_num_kv_heads": 8,
    "drafter_head_dim": 128,
    "verifier_num_layers": 30,
    "verifier_num_kv_heads": 8,
    "verifier_head_dim": 256,
    "rank": 768,
    "verifier_layer_kv_heads": [
      8,
      8,
      8,
      8,
      8,
      2,
      8,
      8,
      8,
      8,
      8,
      2,
      8,
      8,
      8,
      8,
      8,
      2,
      8,
      8,
      8,
      8,
      8,
      2,
      8,
      8,
      8,
      8,
      8,
      2
    ],
    "verifier_layer_head_dims": [
      256,
      256,
      256,
      256,
      256,
      512,
      256,
      256,
      256,
      256,
      256,
      512,
      256,
      256,
      256,
      256,
      256,
      512,
      256,
      256,
      256,
      256,
      256,
      512,
      256,
      256,
      256,
      256,
      256,
      512
    ]
  },
  "n_params": 94371840,
  "n_sequences": 190,
  "n_general_prompts": 62,
  "n_niah_prompts": 128,
  "collect_seconds": 10149.980369874975,
  "train_seconds": 9319.852883098996,
  "initial_loss": 4.855582237243652,
  "final_loss": 0.6065642154216766,
  "loss_reduction_factor": 8.005058844211748,
  "final_diagnostic": {
    "mse_O_mean": 0.09644953403621911,
    "abs_O_target_mean": 0.6767266849676769,
    "k_dir_mean": 0.2046184239598612,
    "v_dir_mean": 0.2246487665611009,
    "k_mag_mean": 0.07822114151592056,
    "v_mag_mean": 0.23420600506166617
  },
  "loss_type": "attn_distill_hybrid",
  "lr_schedule": "cosine"
}