{
  "kind": "k3_specdecode_gpu_bench",
  "config": {
    "verifier_id": "google/gemma-4-26B-A4B-it",
    "drafter_id": "models/dflash-kakeya-baseline",
    "f_theta_dir": "results/research/f_theta_v5_s5_sliding",
    "haystack_lines": 60,
    "n_samples": 3,
    "max_new_tokens": 48,
    "block_size": 16,
    "sink": 4,
    "window": 64,
    "seed": 0,
    "output": "results/research/k3_specdecode_gpu_bench.json"
  },
  "env": {
    "gpu": "NVIDIA H200",
    "torch": "2.11.0+cu128"
  },
  "prompt_tokens": {
    "min": 1238,
    "max": 1238
  },
  "ar_incremental": {
    "decode_tokens_per_s_mean": 17.286,
    "recall": 1.0
  },
  "restored_pertoken": {
    "decode_tokens_per_s_mean": 3.47,
    "recall": 1.0
  },
  "restored_specdecode": {
    "decode_tokens_per_s_mean": 6.778,
    "mean_accept_len": 2.38,
    "verifier_forwards_total": 68,
    "recall": 1.0,
    "per_sample": [
      {
        "tokens": [
          818,
          6789,
          3393,
          563,
          5213,
          28487,
          1618,
          236772,
          236832,
          236828,
          236819,
          236771,
          84750,
          106,
          106,
          7243,
          107,
          100,
          45518,
          107,
          101,
          818,
          6789,
          3393,
          563,
          5213,
          28487,
          1618,
          236772,
          236832,
          236828,
          236819,
          236771,
          84750,
          106,
          106,
          106,
          107,
          45518,
          107,
          101,
          818,
          6789,
          3393,
          563,
          5213,
          28487,
          1618
        ],
        "decode_s": 10.724500498035923,
        "decode_tokens_per_s": 4.476,
        "verifier_forwards": 28,
        "drafter_forwards": 14,
        "blocks": 14,
        "mean_accept_len": 2.43,
        "decode_tokens": 48
      },
      {
        "tokens": [
          818,
          6789,
          3393,
          563,
          5213,
          236777,
          59790,
          236772,
          236828,
          236819,
          236825,
          236770,
          84750,
          106,
          106,
          236797,
          236786,
          236776,
          106,
          106,
          1
        ],
        "decode_s": 3.5449153430527076,
        "decode_tokens_per_s": 5.924,
        "verifier_forwards": 16,
        "drafter_forwards": 8,
        "blocks": 8,
        "mean_accept_len": 1.62,
        "decode_tokens": 21
      },
      {
        "tokens": [
          818,
          6789,
          3393,
          563,
          5213,
          4989,
          26742,
          236772,
          236825,
          236828,
          236825,
          236825,
          84750,
          106,
          106,
          45518,
          107,
          101,
          818,
          6789,
          3393,
          563,
          5213,
          4989,
          26742,
          236772,
          236825,
          236828,
          236825,
          236825,
          84750,
          106,
          106,
          106,
          107,
          107,
          45518,
          107,
          101,
          818,
          6789,
          3393,
          563,
          5213,
          4989,
          26742,
          236772,
          236825
        ],
        "decode_s": 4.832237196038477,
        "decode_tokens_per_s": 9.933,
        "verifier_forwards": 24,
        "drafter_forwards": 12,
        "blocks": 12,
        "mean_accept_len": 3.08,
        "decode_tokens": 48
      }
    ],
    "speedup_over_pertoken_x": 1.95
  }
}